timeStamp,elapsed,label,responseCode,responseMessage,threadName,dataType,success,failureMessage,bytes,sentBytes,grpThreads,allThreads,URL,Latency,IdleTime,Connect
1551114570343,162,HTTP Request,200,OK,Thread Group 1-1,text,true,,391759,120,1,1,https://www.trendyol.com/,80,0,29
1551114570507,128,HTTP Request,200,OK,Thread Group 1-1,text,true,,392709,137,1,1,https://www.trendyol.com/Butik/Liste/Kadin,54,0,0
1551114570635,257,HTTP Request,200,OK,Thread Group 1-1,text,true,,873453,146,1,1,https://www.trendyol.com/kadin+elbise?qs=navigation,93,0,0
1551114570892,291,HTTP Request,200,OK,Thread Group 1-1,text,true,,918926,147,1,1,https://www.trendyol.com/kadin+t-shirt?qs=navigation,117,0,0
1551114571183,582,HTTP Request,200,OK,Thread Group 1-1,text,true,,867591,161,1,1,https://www.trendyol.com/kadin+bluz--tunik--bustiyer?qs=navigation,405,0,0
1551114571765,282,HTTP Request,200,OK,Thread Group 1-1,text,true,,921703,146,1,1,https://www.trendyol.com/kadin+gomlek?qs=navigation,104,0,0
1551114572047,591,HTTP Request,200,OK,Thread Group 1-1,text,true,,884239,152,1,1,https://www.trendyol.com/kadin+kazak--hirka?qs=navigation,411,0,0
1551114572638,371,HTTP Request,200,OK,Thread Group 1-1,text,true,,928284,150,1,1,https://www.trendyol.com/kadin+kaban-mont?qs=navigation,175,0,31
1551114573008,297,HTTP Request,200,OK,Thread Group 1-1,text,true,,929523,151,1,1,https://www.trendyol.com/kadin+ceket-yelek?qs=navigation,115,0,0
1551114573305,573,HTTP Request,200,OK,Thread Group 1-1,text,true,,919597,150,1,1,https://www.trendyol.com/kadin+sweatshirt?qs=navigation,380,0,0
1551114573878,622,HTTP Request,200,OK,Thread Group 1-1,text,true,,941131,148,1,1,https://www.trendyol.com/kadin+pantolon?qs=navigation,413,0,0
1551114574501,616,HTTP Request,200,OK,Thread Group 1-1,text,true,,956577,144,1,1,https://www.trendyol.com/kadin+jean?qs=navigation,412,0,0
1551114575117,567,HTTP Request,200,OK,Thread Group 1-1,text,true,,812239,154,1,1,https://www.trendyol.com/kadin+tesettur-giyim?qs=navigation,378,0,30
1551114575684,573,HTTP Request,200,OK,Thread Group 1-1,text,true,,875882,151,1,1,https://www.trendyol.com/kadin+buyuk-beden?qs=navigation,380,0,0
1551114576257,532,HTTP Request,200,OK,Thread Group 1-1,text,true,,903981,161,1,1,https://www.trendyol.com/kadin+ic-camasiri-takimlari?qs=navigation,346,0,0
1551114576789,297,HTTP Request,200,OK,Thread Group 1-1,text,true,,892296,153,1,1,https://www.trendyol.com/kadin+pijama-takimi?qs=navigation,124,0,0
1551114577086,246,HTTP Request,200,OK,Thread Group 1-1,text,true,,817945,146,1,1,https://www.trendyol.com/kadin+sutyen?qs=navigation,89,0,0
1551114577333,537,HTTP Request,200,OK,Thread Group 1-1,text,true,,791341,147,1,1,https://www.trendyol.com/kadin+gecelik?qs=navigation,355,0,29
1551114577871,531,HTTP Request,200,OK,Thread Group 1-1,text,true,,797359,153,1,1,https://www.trendyol.com/kadin+fantazi-giyim?qs=navigation,370,0,0
1551114578402,320,HTTP Request,200,OK,Thread Group 1-1,text,true,,949813,147,1,1,https://www.trendyol.com/kadin+esofman?qs=navigation,135,0,0
1551114578722,554,HTTP Request,200,OK,Thread Group 1-1,text,true,,936482,152,1,1,https://www.trendyol.com/kadin+spor-t-shirt?qs=navigation,360,0,0
1551114579276,510,HTTP Request,200,OK,Thread Group 1-1,text,true,,857769,154,1,1,https://www.trendyol.com/kadin+sporcu-sutyeni?qs=navigation,325,0,0
1551114579786,593,HTTP Request,200,OK,Thread Group 1-1,text,true,,914307,155,1,1,https://www.trendyol.com/kadin+spor-sweatshirt?qs=navigation,406,0,30
1551114580379,549,HTTP Request,200,OK,Thread Group 1-1,text,true,,914008,149,1,1,https://www.trendyol.com/kadin+spor-tayt?qs=navigation,347,0,0
1551114580928,577,HTTP Request,200,OK,Thread Group 1-1,text,true,,903073,161,1,1,https://www.trendyol.com/kadin+spor-ceket+spor-yelek?qs=navigation,389,0,0
1551114581506,296,HTTP Request,200,OK,Thread Group 1-1,text,true,,901085,156,1,1,https://www.trendyol.com/kadin+topuklu-ayakkabi?qs=navigation,118,0,0
1551114581802,626,HTTP Request,200,OK,Thread Group 1-1,text,true,,997836,153,1,1,https://www.trendyol.com/kadin+spor-ayakkabi?qs=navigation,423,0,30
1551114582428,581,HTTP Request,200,OK,Thread Group 1-1,text,true,,963652,143,1,1,https://www.trendyol.com/kadin+bot?qs=navigation,366,0,0
1551114583008,541,HTTP Request,200,OK,Thread Group 1-1,text,true,,961242,145,1,1,https://www.trendyol.com/kadin+cizme?qs=navigation,341,0,0
1551114583550,584,HTTP Request,200,OK,Thread Group 1-1,text,true,,962862,145,1,1,https://www.trendyol.com/kadin+babet?qs=navigation,380,0,0
1551114584135,630,HTTP Request,200,OK,Thread Group 1-1,text,true,,949265,155,1,1,https://www.trendyol.com/kadin+gunluk-ayakkabi?qs=navigation,425,0,29
1551114584765,688,HTTP Request,200,OK,Thread Group 1-1,text,true,,1044160,144,1,1,https://www.trendyol.com/kadin+saat?qs=navigation,467,0,0
1551114585453,544,HTTP Request,200,OK,Thread Group 1-1,text,true,,874909,153,1,1,https://www.trendyol.com/kadin+gunes-gozlugu?qs=navigation,368,0,0
1551114585997,782,HTTP Request,200,OK,Thread Group 1-1,text,true,,1078930,145,1,1,https://www.trendyol.com/kadin+canta?qs=navigation,552,0,0
1551114586779,560,HTTP Request,200,OK,Thread Group 1-1,text,true,,862343,160,1,1,https://www.trendyol.com/kadin+sapka--bere--eldiven?qs=navigation,381,0,31
1551114587339,599,HTTP Request,200,OK,Thread Group 1-1,text,true,,880987,144,1,1,https://www.trendyol.com/kadin+taki?qs=navigation,401,0,0
1551114587938,537,HTTP Request,200,OK,Thread Group 1-1,text,true,,835548,159,1,1,https://www.trendyol.com/kadin+parfum-ve-deodorant?qs=navigation,370,0,0
1551114588475,617,HTTP Request,200,OK,Thread Group 1-1,text,true,,1015898,145,1,1,https://www.trendyol.com/ten-makyaji?qs=navigation,409,0,0
1551114589092,559,HTTP Request,200,OK,Thread Group 1-1,text,true,,1017815,145,1,1,https://www.trendyol.com/goz-makyaji?qs=navigation,347,0,28
1551114589651,604,HTTP Request,200,OK,Thread Group 1-1,text,true,,1033161,147,1,1,https://www.trendyol.com/dudak-makyaji?qs=navigation,362,0,0
1551114590255,566,HTTP Request,200,OK,Thread Group 1-1,text,true,,882419,151,1,1,https://www.trendyol.com/kadin+cilt-bakimi?qs=navigation,366,0,0
1551114590821,597,HTTP Request,200,OK,Thread Group 1-1,text,true,,899942,150,1,1,https://www.trendyol.com/kadin+agiz-bakim?qs=navigation,411,0,0
1551114591419,593,HTTP Request,200,OK,Thread Group 1-1,text,true,,889287,150,1,1,https://www.trendyol.com/kadin+sac-bakimi?qs=navigation,403,0,28
1551114592012,516,HTTP Request,200,OK,Thread Group 1-1,text,true,,818191,162,1,1,https://www.trendyol.com/kadin+cinsel-saglik-urunleri?qs=navigation,345,0,0
1551114592528,494,HTTP Request,200,OK,Thread Group 1-1,text,true,,768353,150,1,1,https://www.trendyol.com/kadin+pamuk--ped?qs=navigation,317,0,0
1551114593022,476,HTTP Request,200,OK,Thread Group 1-1,text,true,,839633,160,1,1,https://www.trendyol.com/kadin+tiras-agda-epilasyon?qs=navigation,306,0,0
1551114593498,652,HTTP Request,200,OK,Thread Group 1-1,text,true,,1190005,149,1,1,https://www.trendyol.com/epilasyon-aleti?qs=navigation,410,0,29
1551114594150,826,HTTP Request,200,OK,Thread Group 1-1,text,true,,1207698,157,1,1,https://www.trendyol.com/ev--yasam+spor-aletleri?qs=navigation,581,0,0
1551114594976,606,HTTP Request,200,OK,Thread Group 1-1,text,true,,1143555,144,1,1,https://www.trendyol.com/aydinlatma?qs=navigation,368,0,0
1551114595583,1120,HTTP Request,200,OK,Thread Group 1-1,text,true,,1131725,147,1,1,https://www.trendyol.com/ev-dekorasyon?qs=navigation,891,0,29
1551114596703,964,HTTP Request,200,OK,Thread Group 1-1,text,true,,1202723,155,1,1,https://www.trendyol.com/ev--yasam+ev-tekstili?qs=navigation,723,0,0
1551114597667,686,HTTP Request,200,OK,Thread Group 1-1,text,true,,1195635,152,1,1,https://www.trendyol.com/kitap--muzik--hobi?qs=navigation,448,0,28
1551114598353,547,HTTP Request,200,OK,Thread Group 1-1,text,true,,1138324,160,1,1,https://www.trendyol.com/kirtasiye-ofis-malzemeleri?qs=navigation,310,0,0
1551114598900,591,HTTP Request,200,OK,Thread Group 1-1,text,true,,1146152,145,1,1,https://www.trendyol.com/supermarket?qs=navigation,361,0,0
1551114599491,714,HTTP Request,200,OK,Thread Group 1-1,text,true,,1058301,150,1,1,https://www.trendyol.com/kadin+luks-canta?qs=navigation,497,0,0
1551114600205,567,HTTP Request,200,OK,Thread Group 1-1,text,true,,941296,153,1,1,https://www.trendyol.com/kadin+luks-ayakkabi?qs=navigation,375,0,29
1551114600772,620,HTTP Request,200,OK,Thread Group 1-1,text,true,,905590,150,1,1,https://www.trendyol.com/kadin+luks-giyim?qs=navigation,421,0,0
1551114601393,131,HTTP Request,200,OK,Thread Group 1-1,text,true,,390762,137,1,1,https://www.trendyol.com/Butik/Liste/Erkek,51,0,0
1551114601524,348,HTTP Request,200,OK,Thread Group 1-1,text,true,,930929,147,1,1,https://www.trendyol.com/erkek+t-shirt?qs=navigation,163,0,0
1551114601872,280,HTTP Request,200,OK,Thread Group 1-1,text,true,,893679,146,1,1,https://www.trendyol.com/erkek+gomlek?qs=navigation,107,0,0
1551114602152,525,HTTP Request,200,OK,Thread Group 1-1,text,true,,905656,152,1,1,https://www.trendyol.com/erkek+kazak--hirka?qs=navigation,342,0,0
1551114602677,574,HTTP Request,200,OK,Thread Group 1-1,text,true,,923363,150,1,1,https://www.trendyol.com/erkek+kaban-mont?qs=navigation,376,0,38
1551114603252,553,HTTP Request,200,OK,Thread Group 1-1,text,true,,937648,151,1,1,https://www.trendyol.com/erkek+ceket-yelek?qs=navigation,370,0,0
1551114603806,558,HTTP Request,200,OK,Thread Group 1-1,text,true,,903420,150,1,1,https://www.trendyol.com/erkek+sweatshirt?qs=navigation,372,0,0
1551114604364,535,HTTP Request,200,OK,Thread Group 1-1,text,true,,901329,149,1,1,https://www.trendyol.com/erkek+yagmurluk?qs=navigation,338,0,0
1551114604899,598,HTTP Request,200,OK,Thread Group 1-1,text,true,,963386,148,1,1,https://www.trendyol.com/erkek+pantolon?qs=navigation,381,0,30
1551114605497,624,HTTP Request,200,OK,Thread Group 1-1,text,true,,1075258,144,1,1,https://www.trendyol.com/erkek+jean?qs=navigation,404,0,0
1551114606121,298,HTTP Request,200,OK,Thread Group 1-1,text,true,,917755,157,1,1,https://www.trendyol.com/erkek+polo-yaka-t-shirt?qs=navigation,121,0,0
1551114606419,560,HTTP Request,200,OK,Thread Group 1-1,text,true,,909586,156,1,1,https://www.trendyol.com/erkek+pardesu-trenckot?qs=navigation,373,0,0
1551114606979,690,HTTP Request,200,OK,Thread Group 1-1,text,true,,888642,152,1,1,https://www.trendyol.com/erkek+takim-elbise?qs=navigation,504,0,30
1551114607669,577,HTTP Request,200,OK,Thread Group 1-1,text,true,,852630,153,1,1,https://www.trendyol.com/erkek+gunes-gozlugu?qs=navigation,352,0,0
1551114608245,619,HTTP Request,200,OK,Thread Group 1-1,text,true,,1012710,144,1,1,https://www.trendyol.com/erkek+saat?qs=navigation,412,0,0
1551114608864,504,HTTP Request,200,OK,Thread Group 1-1,text,true,,842650,160,1,1,https://www.trendyol.com/erkek+sapka--bere--eldiven?qs=navigation,330,0,0
1551114609368,531,HTTP Request,200,OK,Thread Group 1-1,text,true,,812076,155,1,1,https://www.trendyol.com/erkek+cuzdan--kartlik?qs=navigation,359,0,28
1551114609899,681,HTTP Request,200,OK,Thread Group 1-1,text,true,,1046095,145,1,1,https://www.trendyol.com/erkek+canta?qs=navigation,469,0,0
1551114610580,507,HTTP Request,200,OK,Thread Group 1-1,text,true,,903767,145,1,1,https://www.trendyol.com/erkek+kemer?qs=navigation,318,0,0
1551114611087,481,HTTP Request,200,OK,Thread Group 1-1,text,true,,821467,145,1,1,https://www.trendyol.com/erkek+boxer?qs=navigation,308,0,0
1551114611568,553,HTTP Request,200,OK,Thread Group 1-1,text,true,,895862,145,1,1,https://www.trendyol.com/erkek+atlet?qs=navigation,372,0,30
1551114612121,640,HTTP Request,200,OK,Thread Group 1-1,text,true,,871531,153,1,1,https://www.trendyol.com/erkek+pijama-takimi?qs=navigation,465,0,0
1551114612761,668,HTTP Request,200,OK,Thread Group 1-1,text,true,,839026,145,1,1,https://www.trendyol.com/erkek+corap?qs=navigation,485,0,0
1551114613429,334,HTTP Request,200,OK,Thread Group 1-1,text,true,,1004460,153,1,1,https://www.trendyol.com/erkek+spor-ayakkabi?qs=navigation,134,0,0
1551114613763,575,HTTP Request,200,OK,Thread Group 1-1,text,true,,934011,155,1,1,https://www.trendyol.com/erkek+gunluk-ayakkabi?qs=navigation,369,0,29
1551114614338,590,HTTP Request,200,OK,Thread Group 1-1,text,true,,931905,143,1,1,https://www.trendyol.com/erkek+bot?qs=navigation,400,0,0
1551114614929,644,HTTP Request,200,OK,Thread Group 1-1,text,true,,982747,147,1,1,https://www.trendyol.com/erkek+sneaker?qs=navigation,442,0,0
1551114615573,277,HTTP Request,200,OK,Thread Group 1-1,text,true,,906100,155,1,1,https://www.trendyol.com/erkek+klasik-ayakkabi?qs=navigation,102,0,0
1551114615850,584,HTTP Request,200,OK,Thread Group 1-1,text,true,,910494,153,1,1,https://www.trendyol.com/erkek+loafer+oxford?qs=navigation,393,0,29
1551114616434,442,HTTP Request,200,OK,Thread Group 1-1,text,true,,787815,159,1,1,https://www.trendyol.com/erkek+parfum-ve-deodorant?qs=navigation,274,0,0
1551114616876,482,HTTP Request,200,OK,Thread Group 1-1,text,true,,814935,154,1,1,https://www.trendyol.com/erkek+tiras-urunleri?qs=navigation,310,0,0
1551114617359,437,HTTP Request,200,OK,Thread Group 1-1,text,true,,782494,158,1,1,https://www.trendyol.com/erkek+sac-sekillendirici?qs=navigation,275,0,0
1551114617797,481,HTTP Request,200,OK,Thread Group 1-1,text,true,,791386,162,1,1,https://www.trendyol.com/erkek+cinsel-saglik-urunleri?qs=navigation,300,0,0
1551114618278,610,HTTP Request,200,OK,Thread Group 1-1,text,true,,897561,147,1,1,https://www.trendyol.com/erkek+esofman?qs=navigation,422,0,29
1551114618888,516,HTTP Request,200,OK,Thread Group 1-1,text,true,,895089,152,1,1,https://www.trendyol.com/erkek+spor-t-shirt?qs=navigation,330,0,0
1551114619404,275,HTTP Request,200,OK,Thread Group 1-1,text,true,,886037,149,1,1,https://www.trendyol.com/erkek+spor-sort?qs=navigation,104,0,0
1551114619679,569,HTTP Request,200,OK,Thread Group 1-1,text,true,,900312,161,1,1,https://www.trendyol.com/erkek+spor-ceket+spor-yelek?qs=navigation,369,0,0
1551114620248,304,HTTP Request,200,OK,Thread Group 1-1,text,true,,988523,153,1,1,https://www.trendyol.com/erkek+spor-ayakkabi?qs=navigation,90,0,0
1551114620552,819,HTTP Request,200,OK,Thread Group 1-1,text,true,,1191754,157,1,1,https://www.trendyol.com/ev--yasam+spor-aletleri?qs=navigation,585,0,30
1551114621371,535,HTTP Request,200,OK,Thread Group 1-1,text,true,,884296,153,1,1,https://www.trendyol.com/erkek+outdoor-giyim?qs=navigation,358,0,0
1551114621906,619,HTTP Request,200,OK,Thread Group 1-1,text,true,,956456,156,1,1,https://www.trendyol.com/erkek+outdoor-ayakkabi?qs=navigation,337,0,0
1551114622525,633,HTTP Request,200,OK,Thread Group 1-1,text,true,,1123922,148,1,1,https://www.trendyol.com/aksiyon-kamera?qs=navigation,407,0,0
1551114623158,731,HTTP Request,200,OK,Thread Group 1-1,text,true,,1061796,152,1,1,https://www.trendyol.com/ev--yasam+bisiklet?qs=navigation,512,0,29
1551114623889,579,HTTP Request,200,OK,Thread Group 1-1,text,true,,1133250,151,1,1,https://www.trendyol.com/tirmanis-urunleri?qs=navigation,349,0,0
1551114624468,610,HTTP Request,200,OK,Thread Group 1-1,text,true,,1134699,151,1,1,https://www.trendyol.com/bilgisayar-tablet?qs=navigation,383,0,0
1551114625079,550,HTTP Request,200,OK,Thread Group 1-1,text,true,,1116997,157,1,1,https://www.trendyol.com/oyun-ve-oyun-konsollari?qs=navigation,324,0,0
1551114625629,674,HTTP Request,200,OK,Thread Group 1-1,text,true,,1121269,148,1,1,https://www.trendyol.com/tiras-makinesi?qs=navigation,446,0,29
1551114626303,539,HTTP Request,200,OK,Thread Group 1-1,text,true,,1126470,149,1,1,https://www.trendyol.com/akilli-bileklik?qs=navigation,312,0,0
1551114626843,974,HTTP Request,200,OK,Thread Group 1-1,text,true,,1294135,145,1,1,https://www.trendyol.com/akilli-saat?qs=navigation,351,0,0
1551114627817,708,HTTP Request,200,OK,Thread Group 1-1,text,true,,1120358,146,1,1,https://www.trendyol.com/cep-telefonu?qs=navigation,464,0,27
1551114628525,697,HTTP Request,200,OK,Thread Group 1-1,text,true,,1024468,150,1,1,https://www.trendyol.com/erkek+luks-canta?qs=navigation,492,0,0
1551114629222,547,HTTP Request,200,OK,Thread Group 1-1,text,true,,912028,153,1,1,https://www.trendyol.com/erkek+luks-ayakkabi?qs=navigation,360,0,0
1551114629769,487,HTTP Request,200,OK,Thread Group 1-1,text,true,,897039,150,1,1,https://www.trendyol.com/erkek+luks-giyim?qs=navigation,300,0,0
1551114630256,134,HTTP Request,200,OK,Thread Group 1-1,text,true,,384897,137,1,1,https://www.trendyol.com/Butik/Liste/cocuk,61,0,30
1551114630390,447,HTTP Request,200,OK,Thread Group 1-1,text,true,,733942,156,1,1,https://www.trendyol.com/cocuk+bebek-body-zibin?qs=navigation,290,0,0
1551114630837,495,HTTP Request,200,OK,Thread Group 1-1,text,true,,732234,174,1,1,"https://www.trendyol.com/cocuk+tulum-salopet?yasgrubu=2-1,1-1&amp;qs=navigation",337,0,0
1551114631332,479,HTTP Request,200,OK,Thread Group 1-1,text,true,,755193,155,1,1,https://www.trendyol.com/cocuk+bebek-takimlari?qs=navigation,307,0,0
1551114631811,466,HTTP Request,200,OK,Thread Group 1-1,text,true,,773541,175,1,1,"https://www.trendyol.com/cocuk+pantolon--sort?yasgrubu=2-1,1-1&amp;qs=navigation",306,0,0
1551114632277,481,HTTP Request,200,OK,Thread Group 1-1,text,true,,761624,168,1,1,"https://www.trendyol.com/cocuk+t-shirt?yasgrubu=2-1,1-1&amp;qs=navigation",319,0,29
1551114632760,416,HTTP Request,200,OK,Thread Group 1-1,text,true,,749822,173,1,1,"https://www.trendyol.com/cocuk+kazak--hirka?yasgrubu=2-1,1-1&amp;qs=navigation",256,0,0
1551114633177,210,HTTP Request,200,OK,Thread Group 1-1,text,true,,739737,171,1,1,"https://www.trendyol.com/cocuk+kaban-mont?yasgrubu=2-1,1-1&amp;qs=navigation",66,0,0
1551114633387,529,HTTP Request,200,OK,Thread Group 1-1,text,true,,788043,169,1,1,"https://www.trendyol.com/cocuk+ic-giyim?yasgrubu=2-1,1-1&amp;qs=navigation",366,0,0
1551114633916,504,HTTP Request,200,OK,Thread Group 1-1,text,true,,885696,169,1,1,"https://www.trendyol.com/cocuk+ayakkabi?yasgrubu=2-1,1-1&amp;qs=navigation",317,0,0
1551114634420,520,HTTP Request,200,OK,Thread Group 1-1,text,true,,728712,150,1,1,https://www.trendyol.com/cocuk+bebek-bezi?qs=navigation,357,0,30
1551114634941,458,HTTP Request,200,OK,Thread Group 1-1,text,true,,715200,154,1,1,https://www.trendyol.com/cocuk+bebek-mamalari?qs=navigation,289,0,0
1551114635399,460,HTTP Request,200,OK,Thread Group 1-1,text,true,,717424,152,1,1,https://www.trendyol.com/cocuk+islak-mendil?qs=navigation,294,0,0
1551114635859,497,HTTP Request,200,OK,Thread Group 1-1,text,true,,866860,163,1,1,https://www.trendyol.com/cocuk+elbise?yasgrubu=2-2&amp;qs=navigation,313,0,0
1551114636356,504,HTTP Request,200,OK,Thread Group 1-1,text,true,,872226,164,1,1,https://www.trendyol.com/cocuk+t-shirt?yasgrubu=2-2&amp;qs=navigation,322,0,0
1551114636861,314,HTTP Request,200,OK,Thread Group 1-1,text,true,,887702,167,1,1,https://www.trendyol.com/cocuk+sweatshirt?yasgrubu=2-2&amp;qs=navigation,133,0,28
1551114637175,517,HTTP Request,200,OK,Thread Group 1-1,text,true,,928278,169,1,1,https://www.trendyol.com/cocuk+kazak--hirka?yasgrubu=2-2&amp;qs=navigation,329,0,0
1551114637692,549,HTTP Request,200,OK,Thread Group 1-1,text,true,,905529,167,1,1,https://www.trendyol.com/cocuk+kaban-mont?yasgrubu=2-2&amp;qs=navigation,365,0,0
1551114638242,557,HTTP Request,200,OK,Thread Group 1-1,text,true,,885320,171,1,1,https://www.trendyol.com/cocuk+esofman-takimi?yasgrubu=2-2&amp;qs=navigation,367,0,0
1551114638799,498,HTTP Request,200,OK,Thread Group 1-1,text,true,,888690,165,1,1,https://www.trendyol.com/cocuk+ic-giyim?yasgrubu=2-2&amp;qs=navigation,314,0,0
1551114639297,531,HTTP Request,200,OK,Thread Group 1-1,text,true,,893820,171,1,1,https://www.trendyol.com/cocuk+pantolon--sort?yasgrubu=2-2&amp;qs=navigation,344,0,30
1551114639829,562,HTTP Request,200,OK,Thread Group 1-1,text,true,,932840,170,1,1,https://www.trendyol.com/cocuk+spor-ayakkabi?yasgrubu=2-2&amp;qs=navigation,342,0,0
1551114640392,563,HTTP Request,200,OK,Thread Group 1-1,text,true,,870656,172,1,1,https://www.trendyol.com/cocuk+gunluk-ayakkabi?yasgrubu=2-2&amp;qs=navigation,353,0,0
1551114640955,582,HTTP Request,200,OK,Thread Group 1-1,text,true,,908075,160,1,1,https://www.trendyol.com/cocuk+bot?yasgrubu=2-2&amp;qs=navigation,387,0,0
1551114641537,519,HTTP Request,200,OK,Thread Group 1-1,text,true,,856338,162,1,1,https://www.trendyol.com/cocuk+cizme?yasgrubu=2-2&amp;qs=navigation,339,0,30
1551114642056,505,HTTP Request,200,OK,Thread Group 1-1,text,true,,862819,164,1,1,https://www.trendyol.com/cocuk+t-shirt?yasgrubu=1-2&amp;qs=navigation,315,0,0
1551114642562,569,HTTP Request,200,OK,Thread Group 1-1,text,true,,802444,163,1,1,https://www.trendyol.com/cocuk+gomlek?yasgrubu=1-2&amp;qs=navigation,397,0,0
1551114643132,560,HTTP Request,200,OK,Thread Group 1-1,text,true,,885658,167,1,1,https://www.trendyol.com/cocuk+sweatshirt?yasgrubu=1-2&amp;qs=navigation,368,0,0
1551114643692,595,HTTP Request,200,OK,Thread Group 1-1,text,true,,922491,169,1,1,https://www.trendyol.com/cocuk+kazak--hirka?yasgrubu=1-2&amp;qs=navigation,400,0,29
1551114644288,499,HTTP Request,200,OK,Thread Group 1-1,text,true,,897266,167,1,1,https://www.trendyol.com/cocuk+kaban-mont?yasgrubu=1-2&amp;qs=navigation,312,0,0
1551114644788,561,HTTP Request,200,OK,Thread Group 1-1,text,true,,890556,165,1,1,https://www.trendyol.com/cocuk+pantolon?yasgrubu=1-2&amp;qs=navigation,380,0,0
1551114645349,515,HTTP Request,200,OK,Thread Group 1-1,text,true,,895801,171,1,1,https://www.trendyol.com/cocuk+esofman-takimi?yasgrubu=1-2&amp;qs=navigation,327,0,0
1551114645864,577,HTTP Request,200,OK,Thread Group 1-1,text,true,,878536,165,1,1,https://www.trendyol.com/cocuk+ic-giyim?yasgrubu=1-2&amp;qs=navigation,394,0,31
1551114646441,509,HTTP Request,200,OK,Thread Group 1-1,text,true,,920032,170,1,1,https://www.trendyol.com/cocuk+spor-ayakkabi?yasgrubu=1-2&amp;qs=navigation,321,0,0
1551114646950,516,HTTP Request,200,OK,Thread Group 1-1,text,true,,874027,172,1,1,https://www.trendyol.com/cocuk+gunluk-ayakkabi?yasgrubu=1-2&amp;qs=navigation,337,0,0
1551114647466,522,HTTP Request,200,OK,Thread Group 1-1,text,true,,902240,160,1,1,https://www.trendyol.com/cocuk+bot?yasgrubu=1-2&amp;qs=navigation,329,0,0
1551114647988,625,HTTP Request,200,OK,Thread Group 1-1,text,true,,905891,173,1,1,https://www.trendyol.com/cocuk+outdoor-ayakkabi?yasgrubu=1-2&amp;qs=navigation,418,0,34
1551114648614,509,HTTP Request,200,OK,Thread Group 1-1,text,true,,1008644,153,1,1,https://www.trendyol.com/bebek-arabasi-puset?qs=navigation,300,0,0
1551114649124,484,HTTP Request,200,OK,Thread Group 1-1,text,true,,745938,162,1,1,https://www.trendyol.com/cocuk+oto-koltugu+ana-kucagi?qs=navigation,328,0,0
1551114649608,539,HTTP Request,200,OK,Thread Group 1-1,text,true,,994133,156,1,1,https://www.trendyol.com/portbebe-kanguru-sling?qs=navigation,314,0,0
1551114650147,571,HTTP Request,200,OK,Thread Group 1-1,text,true,,1003932,141,1,1,https://www.trendyol.com/yurutec?qs=navigation,342,0,28
1551114650718,502,HTTP Request,200,OK,Thread Group 1-1,text,true,,993296,158,1,1,https://www.trendyol.com/park-yatak-ve-oyun-parki?qs=navigation,291,0,0
1551114651220,649,HTTP Request,200,OK,Thread Group 1-1,text,true,,987595,147,1,1,https://www.trendyol.com/biberon-emzik?qs=navigation,360,0,0
1551114651869,519,HTTP Request,200,OK,Thread Group 1-1,text,true,,986397,149,1,1,https://www.trendyol.com/gogus-pompalari?qs=navigation,316,0,0
1551114652388,526,HTTP Request,200,OK,Thread Group 1-1,text,true,,989197,154,1,1,https://www.trendyol.com/alistirma-bardaklari?qs=navigation,320,0,29
1551114652913,522,HTTP Request,200,OK,Thread Group 1-1,text,true,,997202,149,1,1,https://www.trendyol.com/mama-sandalyesi?qs=navigation,313,0,0
1551114653436,525,HTTP Request,200,OK,Thread Group 1-1,text,true,,990395,151,1,1,https://www.trendyol.com/bebek-krem-yaglar?qs=navigation,321,0,0
1551114653961,508,HTTP Request,200,OK,Thread Group 1-1,text,true,,986493,153,1,1,https://www.trendyol.com/bebek-banyo-tuvalet?qs=navigation,306,0,0
1551114654469,513,HTTP Request,200,OK,Thread Group 1-1,text,true,,988430,153,1,1,https://www.trendyol.com/bebek-sampuan-sabun?qs=navigation,313,0,29
1551114654982,641,HTTP Request,200,OK,Thread Group 1-1,text,true,,1128803,153,1,1,https://www.trendyol.com/bebek-bakim-cantasi?qs=navigation,409,0,0
1551114655624,449,HTTP Request,200,OK,Thread Group 1-1,text,true,,724856,167,1,1,https://www.trendyol.com/cocuk+egitici-ve-ahsap-oyuncaklar?qs=navigation,298,0,0
1551114656073,472,HTTP Request,200,OK,Thread Group 1-1,text,true,,750489,317,1,1,https://www.trendyol.com/cocuk+yapi-oyuncaklari?qs=navigation,24,0,0
1551114656073,27,HTTP Request-0,301,Moved Permanently,Thread Group 1-1,text,true,,16748,161,1,1,https://www.trendyol.com/cocuk+lego-yapi-oyuncaklari?qs=navigation,24,0,0
1551114656100,445,HTTP Request-1,200,OK,Thread Group 1-1,text,true,,733741,156,1,1,https://www.trendyol.com/cocuk+yapi-oyuncaklari?qs=navigation,289,0,0
1551114656545,474,HTTP Request,200,OK,Thread Group 1-1,text,true,,719964,171,1,1,https://www.trendyol.com/cocuk+bebek-ve-okul-oncesi-oyuncaklar?qs=navigation,324,0,32
1551114657019,396,HTTP Request,200,OK,Thread Group 1-1,text,true,,718025,153,1,1,https://www.trendyol.com/cocuk+oyuncak-bebek?qs=navigation,239,0,0
1551114657415,678,HTTP Request,200,OK,Thread Group 1-1,text,true,,891587,159,1,1,https://www.trendyol.com/cocuk+cocuk-kutu-oyunlari?qs=navigation,486,0,0
1551114658095,406,HTTP Request,200,OK,Thread Group 1-1,text,true,,717517,154,1,1,https://www.trendyol.com/cocuk+oyun-hamurlari?qs=navigation,258,0,0
1551114658502,103,HTTP Request,200,OK,Thread Group 1-1,text,true,,391074,147,1,1,https://www.trendyol.com/Butik/Liste/Ayakkabi--canta,28,0,0
1551114658605,589,HTTP Request,200,OK,Thread Group 1-1,text,true,,901076,156,1,1,https://www.trendyol.com/kadin+topuklu-ayakkabi?qs=navigation,403,0,31
1551114659194,586,HTTP Request,200,OK,Thread Group 1-1,text,true,,997833,153,1,1,https://www.trendyol.com/kadin+spor-ayakkabi?qs=navigation,372,0,0
1551114659781,318,HTTP Request,200,OK,Thread Group 1-1,text,true,,946916,145,1,1,https://www.trendyol.com/kadin+babet?qs=navigation,139,0,0
1551114660099,303,HTTP Request,200,OK,Thread Group 1-1,text,true,,963659,143,1,1,https://www.trendyol.com/kadin+bot?qs=navigation,120,0,0
1551114660402,305,HTTP Request,200,OK,Thread Group 1-1,text,true,,961249,145,1,1,https://www.trendyol.com/kadin+cizme?qs=navigation,112,0,0
1551114660707,315,HTTP Request,200,OK,Thread Group 1-1,text,true,,949267,155,1,1,https://www.trendyol.com/kadin+gunluk-ayakkabi?qs=navigation,130,0,32
1551114661022,585,HTTP Request,200,OK,Thread Group 1-1,text,true,,873781,152,1,1,https://www.trendyol.com/kadin+omuz-cantasi?qs=navigation,412,0,0
1551114661607,575,HTTP Request,200,OK,Thread Group 1-1,text,true,,804143,158,1,1,https://www.trendyol.com/kadin+portfoy+el-cantasi?qs=navigation,410,0,0
1551114662182,566,HTTP Request,200,OK,Thread Group 1-1,text,true,,875944,152,1,1,https://www.trendyol.com/kadin+sirt-cantasi?qs=navigation,390,0,0
1551114662748,555,HTTP Request,200,OK,Thread Group 1-1,text,true,,874354,152,1,1,https://www.trendyol.com/kadin+spor-cantasi?qs=navigation,380,0,29
1551114663303,578,HTTP Request,200,OK,Thread Group 1-1,text,true,,812374,155,1,1,https://www.trendyol.com/kadin+cuzdan--kartlik?qs=navigation,407,0,0
1551114663881,579,HTTP Request,200,OK,Thread Group 1-1,text,true,,988514,153,1,1,https://www.trendyol.com/erkek+spor-ayakkabi?qs=navigation,378,0,0
1551114664460,565,HTTP Request,200,OK,Thread Group 1-1,text,true,,931913,143,1,1,https://www.trendyol.com/erkek+bot?qs=navigation,368,0,0
1551114665025,608,HTTP Request,200,OK,Thread Group 1-1,text,true,,934006,155,1,1,https://www.trendyol.com/erkek+gunluk-ayakkabi?qs=navigation,396,0,30
1551114665634,551,HTTP Request,200,OK,Thread Group 1-1,text,true,,906091,155,1,1,https://www.trendyol.com/erkek+klasik-ayakkabi?qs=navigation,369,0,0
1551114666185,297,HTTP Request,200,OK,Thread Group 1-1,text,true,,910494,153,1,1,https://www.trendyol.com/erkek+loafer+oxford?qs=navigation,131,0,0
1551114666483,301,HTTP Request,200,OK,Thread Group 1-1,text,true,,982747,147,1,1,https://www.trendyol.com/erkek+sneaker?qs=navigation,112,0,0
1551114666784,488,HTTP Request,200,OK,Thread Group 1-1,text,true,,865572,152,1,1,https://www.trendyol.com/erkek+sirt-cantasi?qs=navigation,309,0,0
1551114667272,296,HTTP Request,200,OK,Thread Group 1-1,text,true,,837080,153,1,1,https://www.trendyol.com/erkek+postaci-canta?qs=navigation,131,0,32
1551114667568,461,HTTP Request,200,OK,Thread Group 1-1,text,true,,796131,155,1,1,https://www.trendyol.com/erkek+cuzdan--kartlik?qs=navigation,297,0,0
1551114668030,287,HTTP Request,200,OK,Thread Group 1-1,text,true,,846544,152,1,1,https://www.trendyol.com/erkek+spor-cantasi?qs=navigation,118,0,0
1551114668318,543,HTTP Request,200,OK,Thread Group 1-1,text,true,,864923,145,1,1,https://www.trendyol.com/erkek+valiz?qs=navigation,349,0,0
1551114668861,523,HTTP Request,200,OK,Thread Group 1-1,text,true,,920738,153,1,1,https://www.trendyol.com/cocuk+spor-ayakkabi?qs=navigation,324,0,0
1551114669384,509,HTTP Request,200,OK,Thread Group 1-1,text,true,,913264,143,1,1,https://www.trendyol.com/cocuk+bot?qs=navigation,327,0,29
1551114669893,542,HTTP Request,200,OK,Thread Group 1-1,text,true,,915792,145,1,1,https://www.trendyol.com/cocuk+cizme?qs=navigation,360,0,0
1551114670435,559,HTTP Request,200,OK,Thread Group 1-1,text,true,,893118,155,1,1,https://www.trendyol.com/cocuk+gunluk-ayakkabi?qs=navigation,372,0,0
1551114670994,527,HTTP Request,200,OK,Thread Group 1-1,text,true,,883432,145,1,1,https://www.trendyol.com/cocuk+babet?qs=navigation,346,0,0
1551114671522,557,HTTP Request,200,OK,Thread Group 1-1,text,true,,922095,147,1,1,https://www.trendyol.com/cocuk+sneaker?qs=navigation,370,0,29
1551114672080,499,HTTP Request,200,OK,Thread Group 1-1,text,true,,867604,152,1,1,https://www.trendyol.com/cocuk+sirt-cantasi?qs=navigation,318,0,0
1551114672580,494,HTTP Request,200,OK,Thread Group 1-1,text,true,,835583,152,1,1,https://www.trendyol.com/cocuk+okul-cantasi?qs=navigation,319,0,0
1551114673073,636,HTTP Request,200,OK,Thread Group 1-1,text,true,,961196,153,1,1,https://www.trendyol.com/cocuk+luks-ayakkabi?qs=navigation,441,0,0
1551114673709,614,HTTP Request,200,OK,Thread Group 1-1,text,true,,828045,150,1,1,https://www.trendyol.com/cocuk+luks-canta?qs=navigation,438,0,28
1551114674323,102,HTTP Request,200,OK,Thread Group 1-1,text,true,,393206,146,1,1,https://www.trendyol.com/Butik/Liste/Saat--Aksesuar,26,0,0
1551114674425,718,HTTP Request,200,OK,Thread Group 1-1,text,true,,1044161,144,1,1,https://www.trendyol.com/kadin+saat?qs=navigation,501,0,0
1551114675144,279,HTTP Request,200,OK,Thread Group 1-1,text,true,,874909,153,1,1,https://www.trendyol.com/kadin+gunes-gozlugu?qs=navigation,101,0,0
1551114675423,568,HTTP Request,200,OK,Thread Group 1-1,text,true,,880985,144,1,1,https://www.trendyol.com/kadin+taki?qs=navigation,386,0,0
1551114675991,515,HTTP Request,200,OK,Thread Group 1-1,text,true,,862351,160,1,1,https://www.trendyol.com/kadin+sapka--bere--eldiven?qs=navigation,339,0,28
1551114676507,513,HTTP Request,200,OK,Thread Group 1-1,text,true,,860343,145,1,1,https://www.trendyol.com/kadin+kemer?qs=navigation,334,0,0
1551114677020,530,HTTP Request,200,OK,Thread Group 1-1,text,true,,869341,145,1,1,https://www.trendyol.com/kadin+sapka?qs=navigation,346,0,0
1551114677550,549,HTTP Request,200,OK,Thread Group 1-1,text,true,,848045,152,1,1,https://www.trendyol.com/kadin+sal-ve-fular?qs=navigation,376,0,0
1551114678100,564,HTTP Request,200,OK,Thread Group 1-1,text,true,,858727,156,1,1,https://www.trendyol.com/kadin+sac-aksesuarlari?qs=navigation,374,0,28
1551114678664,297,HTTP Request,200,OK,Thread Group 1-1,text,true,,812382,155,1,1,https://www.trendyol.com/kadin+cuzdan--kartlik?qs=navigation,126,0,0
1551114678961,479,HTTP Request,200,OK,Thread Group 1-1,text,true,,649880,147,1,1,https://www.trendyol.com/kadin+semsiye?qs=navigation,339,0,0
1551114679440,549,HTTP Request,200,OK,Thread Group 1-1,text,true,,855339,150,1,1,https://www.trendyol.com/kadin+anahtarlik?qs=navigation,366,0,0
1551114679989,357,HTTP Request,200,OK,Thread Group 1-1,text,true,,1012700,144,1,1,https://www.trendyol.com/erkek+saat?qs=navigation,131,0,0
1551114680346,322,HTTP Request,200,OK,Thread Group 1-1,text,true,,852630,153,1,1,https://www.trendyol.com/erkek+gunes-gozlugu?qs=navigation,129,0,31
1551114680668,296,HTTP Request,200,OK,Thread Group 1-1,text,true,,812075,155,1,1,https://www.trendyol.com/erkek+cuzdan--kartlik?qs=navigation,106,0,0
1551114680965,539,HTTP Request,200,OK,Thread Group 1-1,text,true,,842645,160,1,1,https://www.trendyol.com/erkek+sapka--bere--eldiven?qs=navigation,353,0,0
1551114681504,673,HTTP Request,200,OK,Thread Group 1-1,text,true,,903760,145,1,1,https://www.trendyol.com/erkek+kemer?qs=navigation,487,0,0
1551114682177,473,HTTP Request,200,OK,Thread Group 1-1,text,true,,842779,153,1,1,https://www.trendyol.com/erkek+kravat-papyon?qs=navigation,300,0,0
1551114682650,635,HTTP Request,200,OK,Thread Group 1-1,text,true,,995940,144,1,1,https://www.trendyol.com/cocuk+saat?qs=navigation,423,0,30
1551114683285,481,HTTP Request,200,OK,Thread Group 1-1,text,true,,829871,153,1,1,https://www.trendyol.com/cocuk+gunes-gozlugu?qs=navigation,311,0,0
1551114683767,535,HTTP Request,200,OK,Thread Group 1-1,text,true,,843063,145,1,1,https://www.trendyol.com/cocuk+sapka?qs=navigation,362,0,0
1551114684302,616,HTTP Request,200,OK,Thread Group 1-1,text,true,,1108240,139,1,1,https://www.trendyol.com/kolye?qs=navigation,389,0,0
1551114684918,621,HTTP Request,200,OK,Thread Group 1-1,text,true,,1114012,138,1,1,https://www.trendyol.com/kupe?qs=navigation,391,0,30
1551114685539,576,HTTP Request,200,OK,Thread Group 1-1,text,true,,1121572,142,1,1,https://www.trendyol.com/bileklik?qs=navigation,349,0,0
1551114686115,643,HTTP Request,200,OK,Thread Group 1-1,text,true,,1189420,139,1,1,https://www.trendyol.com/yuzuk?qs=navigation,382,0,0
1551114686758,501,HTTP Request,200,OK,Thread Group 1-1,text,true,,1050617,141,1,1,https://www.trendyol.com/bilezik?qs=navigation,274,0,0
1551114687259,648,HTTP Request,200,OK,Thread Group 1-1,text,true,,1142414,149,1,1,https://www.trendyol.com/akilli-bileklik?qs=navigation,411,0,30
1551114687907,651,HTTP Request,200,OK,Thread Group 1-1,text,true,,1294132,145,1,1,https://www.trendyol.com/akilli-saat?qs=navigation,369,0,0
1551114688558,615,HTTP Request,200,OK,Thread Group 1-1,text,true,,1125629,148,1,1,https://www.trendyol.com/kapak-ve-kilif?qs=navigation,362,0,0
1551114689173,124,HTTP Request,200,OK,Thread Group 1-1,text,true,,402619,140,1,1,https://www.trendyol.com/Butik/Liste/Kozmetik,48,0,0
1551114689297,623,HTTP Request,200,OK,Thread Group 1-1,text,true,,1080589,140,1,1,https://www.trendyol.com/parfum?qs=navigation,393,0,30
1551114689920,607,HTTP Request,200,OK,Thread Group 1-1,text,true,,1061414,145,1,1,https://www.trendyol.com/parfum-seti?qs=navigation,310,0,0
1551114690527,509,HTTP Request,200,OK,Thread Group 1-1,text,true,,1053630,146,1,1,https://www.trendyol.com/vucut-spreyi?qs=navigation,295,0,0
1551114691036,643,HTTP Request,200,OK,Thread Group 1-1,text,true,,1060905,143,1,1,https://www.trendyol.com/deodorant?qs=navigation,419,0,0
1551114691680,569,HTTP Request,200,OK,Thread Group 1-1,text,true,,1015907,145,1,1,https://www.trendyol.com/ten-makyaji?qs=navigation,360,0,29
1551114692249,540,HTTP Request,200,OK,Thread Group 1-1,text,true,,1017208,147,1,1,https://www.trendyol.com/dudak-makyaji?qs=navigation,331,0,0
1551114692790,571,HTTP Request,200,OK,Thread Group 1-1,text,true,,1017807,145,1,1,https://www.trendyol.com/goz-makyaji?qs=navigation,364,0,0
1551114693361,574,HTTP Request,200,OK,Thread Group 1-1,text,true,,1007636,145,1,1,https://www.trendyol.com/makyaj-seti?qs=navigation,367,0,0
1551114693935,521,HTTP Request,200,OK,Thread Group 1-1,text,true,,1003863,137,1,1,https://www.trendyol.com/oje?qs=navigation,312,0,31
1551114694456,567,HTTP Request,200,OK,Thread Group 1-1,text,true,,1004381,148,1,1,https://www.trendyol.com/makyaj-cantasi?qs=navigation,361,0,0
1551114695023,615,HTTP Request,200,OK,Thread Group 1-1,text,true,,1125427,141,1,1,https://www.trendyol.com/sampuan?qs=navigation,366,0,0
1551114695638,554,HTTP Request,200,OK,Thread Group 1-1,text,true,,1074660,143,1,1,https://www.trendyol.com/sac-kremi?qs=navigation,335,0,0
1551114696192,588,HTTP Request,200,OK,Thread Group 1-1,text,true,,1062312,144,1,1,https://www.trendyol.com/sac-boyasi?qs=navigation,375,0,29
1551114696780,568,HTTP Request,200,OK,Thread Group 1-1,text,true,,1063643,152,1,1,https://www.trendyol.com/sac-sekillendirici?qs=navigation,359,0,0
1551114697349,550,HTTP Request,200,OK,Thread Group 1-1,text,true,,1072295,151,1,1,https://www.trendyol.com/nemlendirici-krem?qs=navigation,329,0,0
1551114697899,573,HTTP Request,200,OK,Thread Group 1-1,text,true,,1071203,147,1,1,https://www.trendyol.com/yuz-temizleme?qs=navigation,355,0,0
1551114698473,571,HTTP Request,200,OK,Thread Group 1-1,text,true,,1064843,148,1,1,https://www.trendyol.com/maske--peeling?qs=navigation,354,0,30
1551114699044,601,HTTP Request,200,OK,Thread Group 1-1,text,true,,1069455,164,1,1,https://www.trendyol.com/yaslanma-ve-kirisiklik-karsiti?qs=navigation,381,0,0
1551114699645,540,HTTP Request,200,OK,Thread Group 1-1,text,true,,1064869,145,1,1,https://www.trendyol.com/cilt-serumu?qs=navigation,325,0,0
1551114700185,530,HTTP Request,200,OK,Thread Group 1-1,text,true,,1020770,144,1,1,https://www.trendyol.com/goz-bakimi?qs=navigation,320,0,0
1551114700715,676,HTTP Request,200,OK,Thread Group 1-1,text,true,,1114102,148,1,1,https://www.trendyol.com/gunes-urunleri?qs=navigation,438,0,29
1551114701391,603,HTTP Request,200,OK,Thread Group 1-1,text,true,,1066941,152,1,1,https://www.trendyol.com/epilasyon-urunleri?qs=navigation,381,0,0
1551114701994,511,HTTP Request,200,OK,Thread Group 1-1,text,true,,1054462,156,1,1,https://www.trendyol.com/tiras-kopuk-ve-jelleri?qs=navigation,298,0,0
1551114702505,658,HTTP Request,200,OK,Thread Group 1-1,text,true,,1190003,149,1,1,https://www.trendyol.com/epilasyon-aleti?qs=navigation,417,0,0
1551114703164,582,HTTP Request,200,OK,Thread Group 1-1,text,true,,1065128,146,1,1,https://www.trendyol.com/tiras-bicagi?qs=navigation,363,0,30
1551114703746,550,HTTP Request,200,OK,Thread Group 1-1,text,true,,1014763,147,1,1,https://www.trendyol.com/bakim-yaglari?qs=navigation,329,0,0
1551114704296,549,HTTP Request,200,OK,Thread Group 1-1,text,true,,1082960,146,1,1,https://www.trendyol.com/vucut-bakimi?qs=navigation,322,0,0
1551114704845,542,HTTP Request,200,OK,Thread Group 1-1,text,true,,1118074,154,1,1,https://www.trendyol.com/dus-jeli-ve-kremleri?qs=navigation,314,0,0
1551114705387,584,HTTP Request,200,OK,Thread Group 1-1,text,true,,1031265,146,1,1,https://www.trendyol.com/kadin-hijyen?qs=navigation,374,0,28
1551114705972,637,HTTP Request,200,OK,Thread Group 1-1,text,true,,1092488,155,1,1,https://www.trendyol.com/pamuk-ve-kulak-cubugu?qs=navigation,402,0,0
1551114706610,553,HTTP Request,200,OK,Thread Group 1-1,text,true,,1080016,156,1,1,https://www.trendyol.com/cinsel-saglik-urunleri?qs=navigation,335,0,0
1551114707163,106,HTTP Request,200,OK,Thread Group 1-1,text,true,,387156,141,1,1,https://www.trendyol.com/Butik/Liste/Ev--Yasam,31,0,0
1551114707269,613,HTTP Request,200,OK,Thread Group 1-1,text,true,,1117634,146,1,1,https://www.trendyol.com/yatak-ortusu?qs=navigation,304,0,0
1551114707881,617,HTTP Request,200,OK,Thread Group 1-1,text,true,,1120789,149,1,1,https://www.trendyol.com/nevresim-takimi?qs=navigation,389,0,30
1551114708498,706,HTTP Request,200,OK,Thread Group 1-1,text,true,,1136091,143,1,1,https://www.trendyol.com/battaniye?qs=navigation,476,0,0
1551114709204,600,HTTP Request,200,OK,Thread Group 1-1,text,true,,1122683,147,1,1,https://www.trendyol.com/carsaf-takimi?qs=navigation,370,0,0
1551114709804,649,HTTP Request,200,OK,Thread Group 1-1,text,true,,1132007,153,1,1,https://www.trendyol.com/klozet-takimi+havlu?qs=navigation,398,0,0
1551114710453,623,HTTP Request,200,OK,Thread Group 1-1,text,true,,1149173,153,1,1,https://www.trendyol.com/hali--kilim--paspas?qs=navigation,381,0,30
1551114711077,733,HTTP Request,200,OK,Thread Group 1-1,text,true,,1043125,149,1,1,https://www.trendyol.com/ev--yasam+perde?qs=navigation,522,0,0
1551114711810,537,HTTP Request,200,OK,Thread Group 1-1,text,true,,1120223,160,1,1,https://www.trendyol.com/salon-oturma-odasi-mobilya?qs=navigation,308,0,0
1551114712347,808,HTTP Request,200,OK,Thread Group 1-1,text,true,,1052956,163,1,1,https://www.trendyol.com/ev--yasam+yatak-odasi-mobilya?qs=navigation,576,0,0
1551114713156,583,HTTP Request,200,OK,Thread Group 1-1,text,true,,1119555,147,1,1,https://www.trendyol.com/calisma-odasi?qs=navigation,351,0,29
1551114713739,597,HTTP Request,200,OK,Thread Group 1-1,text,true,,1110383,150,1,1,https://www.trendyol.com/ofis-mobilyalari?qs=navigation,355,0,0
1551114714336,583,HTTP Request,200,OK,Thread Group 1-1,text,true,,1114501,155,1,1,https://www.trendyol.com/servis-sunum-urunleri?qs=navigation,347,0,0
1551114714919,547,HTTP Request,200,OK,Thread Group 1-1,text,true,,1112507,141,1,1,https://www.trendyol.com/pisirme?qs=navigation,312,0,0
1551114715466,572,HTTP Request,200,OK,Thread Group 1-1,text,true,,1100398,158,1,1,https://www.trendyol.com/diger-hazirlik-gerecleri?qs=navigation,341,0,29
1551114716038,574,HTTP Request,200,OK,Thread Group 1-1,text,true,,1115969,143,1,1,https://www.trendyol.com/caydanlik?qs=navigation,325,0,0
1551114716612,650,HTTP Request,200,OK,Thread Group 1-1,text,true,,1116025,294,1,1,https://www.trendyol.com/tabak+kase?qs=navigation,15,0,0
1551114716612,17,HTTP Request-0,301,Moved Permanently,Thread Group 1-1,text,true,,781,150,1,1,https://www.trendyol.com/tabak--kase+kase?qs=navigation,15,0,0
1551114716629,633,HTTP Request-1,200,OK,Thread Group 1-1,text,true,,1115244,144,1,1,https://www.trendyol.com/tabak+kase?qs=navigation,379,0,0
1551114717262,547,HTTP Request,200,OK,Thread Group 1-1,text,true,,1116277,147,1,1,https://www.trendyol.com/bardak--kadeh?qs=navigation,311,0,0
1551114717809,626,HTTP Request,200,OK,Thread Group 1-1,text,true,,1118938,146,1,1,https://www.trendyol.com/yemek-takimi?qs=navigation,373,0,29
1551114718435,549,HTTP Request,200,OK,Thread Group 1-1,text,true,,1117470,149,1,1,https://www.trendyol.com/kahvalti-takimi?qs=navigation,319,0,0
1551114718985,590,HTTP Request,200,OK,Thread Group 1-1,text,true,,1125493,139,1,1,https://www.trendyol.com/tablo?qs=navigation,340,0,0
1551114719575,580,HTTP Request,200,OK,Thread Group 1-1,text,true,,1131600,147,1,1,https://www.trendyol.com/duvar-sticker?qs=navigation,349,0,0
1551114720155,676,HTTP Request,200,OK,Thread Group 1-1,text,true,,1120906,155,1,1,https://www.trendyol.com/dekoratif-aksesuarlar?qs=navigation,448,0,30
1551114720831,599,HTTP Request,200,OK,Thread Group 1-1,text,true,,1120368,146,1,1,https://www.trendyol.com/cep-telefonu?qs=navigation,355,0,0
1551114721430,621,HTTP Request,200,OK,Thread Group 1-1,text,true,,1134705,151,1,1,https://www.trendyol.com/bilgisayar-tablet?qs=navigation,387,0,0
1551114722051,692,HTTP Request,200,OK,Thread Group 1-1,text,true,,1123834,144,1,1,https://www.trendyol.com/televizyon?qs=navigation,460,0,0
1551114722743,626,HTTP Request,200,OK,Thread Group 1-1,text,true,,1116990,157,1,1,https://www.trendyol.com/oyun-ve-oyun-konsollari?qs=navigation,381,0,30
1551114723369,605,HTTP Request,200,OK,Thread Group 1-1,text,true,,1121060,144,1,1,https://www.trendyol.com/beyaz-esya?qs=navigation,379,0,0
1551114723974,606,HTTP Request,200,OK,Thread Group 1-1,text,true,,1123556,152,1,1,https://www.trendyol.com/elektrikli-supurge?qs=navigation,349,0,0
1551114724580,592,HTTP Request,200,OK,Thread Group 1-1,text,true,,1111878,137,1,1,https://www.trendyol.com/utu?qs=navigation,353,0,0
1551114725172,651,HTTP Request,200,OK,Thread Group 1-1,text,true,,1128856,157,1,1,https://www.trendyol.com/blender-ve-blender-seti?qs=navigation,392,0,30
1551114725824,604,HTTP Request,200,OK,Thread Group 1-1,text,true,,1114225,147,1,1,https://www.trendyol.com/tost-makinesi?qs=navigation,377,0,0
1551114726429,559,HTTP Request,200,OK,Thread Group 1-1,text,true,,1115892,148,1,1,https://www.trendyol.com/kahve-makinesi?qs=navigation,325,0,0
1551114726988,924,HTTP Request,200,OK,Thread Group 1-1,text,true,,1124497,139,1,1,https://www.trendyol.com/kitap?qs=navigation,708,0,0
1551114727912,663,HTTP Request,200,OK,Thread Group 1-1,text,true,,1122580,140,1,1,https://www.trendyol.com/puzzle?qs=navigation,436,0,28
1551114728575,582,HTTP Request,200,OK,Thread Group 1-1,text,true,,1120567,151,1,1,https://www.trendyol.com/parti-malzemeleri?qs=navigation,344,0,0
1551114729157,567,HTTP Request,200,OK,Thread Group 1-1,text,true,,1115876,140,1,1,https://www.trendyol.com/defter?qs=navigation,345,0,0
1551114729724,667,HTTP Request,200,OK,Thread Group 1-1,text,true,,1130070,139,1,1,https://www.trendyol.com/kalem?qs=navigation,434,0,0
1551114730391,641,HTTP Request,200,OK,Thread Group 1-1,text,true,,1146002,143,1,1,https://www.trendyol.com/boya-seti?qs=navigation,410,0,30
1551114731032,573,HTTP Request,200,OK,Thread Group 1-1,text,true,,1114264,156,1,1,https://www.trendyol.com/oto-brandalar-guneslik?qs=navigation,349,0,0
1551114731605,623,HTTP Request,200,OK,Thread Group 1-1,text,true,,1137596,150,1,1,https://www.trendyol.com/arac-ic-aksesuar?qs=navigation,391,0,0
1551114732228,554,HTTP Request,200,OK,Thread Group 1-1,text,true,,1122183,164,1,1,https://www.trendyol.com/oto-bakim-ve-temizlik-urunleri?qs=navigation,325,0,0
1551114732782,588,HTTP Request,200,OK,Thread Group 1-1,text,true,,1131073,160,1,1,https://www.trendyol.com/oto-ses-goruntu-sistemleri?qs=navigation,354,0,32
1551114733370,557,HTTP Request,200,OK,Thread Group 1-1,text,true,,1142254,154,1,1,https://www.trendyol.com/ev-bakim-ve-temizlik?qs=navigation,323,0,0
1551114733927,727,HTTP Request,200,OK,Thread Group 1-1,text,true,,1125717,147,1,1,https://www.trendyol.com/gida-urunleri?qs=navigation,467,0,0
1551114734654,569,HTTP Request,200,OK,Thread Group 1-1,text,true,,1124649,149,1,1,https://www.trendyol.com/icecek-urunleri?qs=navigation,336,0,0
1551114735223,355,HTTP Request,200,OK,Thread Group 1-1,text,true,,1002262,144,1,1,https://www.trendyol.com/bebek-bezi?qs=navigation,158,0,29
1551114735578,519,HTTP Request,200,OK,Thread Group 1-1,text,true,,989388,146,1,1,https://www.trendyol.com/islak-mendil?qs=navigation,316,0,0
1551114736097,589,HTTP Request,200,OK,Thread Group 1-1,text,true,,1162997,145,1,1,https://www.trendyol.com/kedi-mamasi?qs=navigation,337,0,0
1551114736686,518,HTTP Request,200,OK,Thread Group 1-1,text,true,,1126923,143,1,1,https://www.trendyol.com/kedi-kumu?qs=navigation,272,0,0
1551114737204,585,HTTP Request,200,OK,Thread Group 1-1,text,true,,1158235,146,1,1,https://www.trendyol.com/kopek-mamasi?qs=navigation,330,0,0
1551114737789,684,HTTP Request,200,OK,Thread Group 1-1,text,true,,1130351,157,1,1,https://www.trendyol.com/kedi-mama-ve-su-kaplari?qs=navigation,447,0,29
1551114738473,1082,HTTP Request,200,OK,Thread Group 1-1,text,true,,1130253,156,1,1,https://www.trendyol.com/akvaryum-balik-yemleri?qs=navigation,852,0,0
1551114739555,539,HTTP Request,200,OK,Thread Group 1-1,text,true,,1129205,160,1,1,https://www.trendyol.com/akvaryum-bakim-malzemeleri?qs=navigation,308,0,0
1551114740094,139,HTTP Request,200,OK,Thread Group 1-1,text,true,,387081,142,1,1,https://www.trendyol.com/Butik/Liste/Elektronik,59,0,29
1551114740233,614,HTTP Request,200,OK,Thread Group 1-1,text,true,,1123550,152,1,1,https://www.trendyol.com/elektrikli-supurge?qs=navigation,364,0,0
1551114740847,570,HTTP Request,200,OK,Thread Group 1-1,text,true,,1111884,137,1,1,https://www.trendyol.com/utu?qs=navigation,344,0,0
1551114741417,612,HTTP Request,200,OK,Thread Group 1-1,text,true,,1115880,148,1,1,https://www.trendyol.com/kahve-makinesi?qs=navigation,388,0,0
1551114742029,622,HTTP Request,200,OK,Thread Group 1-1,text,true,,1112913,157,1,1,https://www.trendyol.com/blender-ve-blender-seti?qs=navigation,383,0,0
1551114742651,649,HTTP Request,200,OK,Thread Group 1-1,text,true,,1134468,144,1,1,https://www.trendyol.com/su-isitici?qs=navigation,428,0,31
1551114743300,545,HTTP Request,200,OK,Thread Group 1-1,text,true,,1114231,147,1,1,https://www.trendyol.com/tost-makinesi?qs=navigation,318,0,0
1551114743845,645,HTTP Request,200,OK,Thread Group 1-1,text,true,,1121278,148,1,1,https://www.trendyol.com/tiras-makinesi?qs=navigation,389,0,0
1551114744490,639,HTTP Request,200,OK,Thread Group 1-1,text,true,,1118973,154,1,1,https://www.trendyol.com/sac-kurutma-makinesi?qs=navigation,410,0,0
1551114745129,632,HTTP Request,200,OK,Thread Group 1-1,text,true,,1195234,150,1,1,https://www.trendyol.com/sac-duzlestirici?qs=navigation,390,0,29
1551114745761,607,HTTP Request,200,OK,Thread Group 1-1,text,true,,1129525,144,1,1,https://www.trendyol.com/sac-masasi?qs=navigation,381,0,0
1551114746368,735,HTTP Request,200,OK,Thread Group 1-1,text,true,,1189998,149,1,1,https://www.trendyol.com/epilasyon-aleti?qs=navigation,497,0,0
1551114747103,605,HTTP Request,200,OK,Thread Group 1-1,text,true,,1120365,146,1,1,https://www.trendyol.com/cep-telefonu?qs=navigation,358,0,0
1551114747708,653,HTTP Request,200,OK,Thread Group 1-1,text,true,,1125630,148,1,1,https://www.trendyol.com/kapak-ve-kilif?qs=navigation,413,0,32
1551114748361,673,HTTP Request,200,OK,Thread Group 1-1,text,true,,1122183,148,1,1,https://www.trendyol.com/sarj-cihazlari?qs=navigation,363,0,0
1551114749034,616,HTTP Request,200,OK,Thread Group 1-1,text,true,,1151556,153,1,1,https://www.trendyol.com/tasinabilir-batarya?qs=navigation,333,0,0
1551114749650,657,HTTP Request,200,OK,Thread Group 1-1,text,true,,1138719,140,1,1,https://www.trendyol.com/laptop?qs=navigation,349,0,0
1551114750307,623,HTTP Request,200,OK,Thread Group 1-1,text,true,,1121302,155,1,1,https://www.trendyol.com/mouse-mousepad+klavye?qs=navigation,382,0,29
1551114750930,596,HTTP Request,200,OK,Thread Group 1-1,text,true,,1132290,141,1,1,https://www.trendyol.com/monitor?qs=navigation,347,0,0
1551114751526,594,HTTP Request,200,OK,Thread Group 1-1,text,true,,1119610,140,1,1,https://www.trendyol.com/tablet?qs=navigation,332,0,0
1551114752120,643,HTTP Request,200,OK,Thread Group 1-1,text,true,,1133216,166,1,1,https://www.trendyol.com/playstation-oyunlari+playstation?qs=navigation,373,0,0
1551114752763,504,HTTP Request,200,OK,Thread Group 1-1,text,true,,763726,142,1,1,https://www.trendyol.com/nintendo?qs=navigation,342,0,30
1551114753266,688,HTTP Request,200,OK,Thread Group 1-1,text,true,,1115040,152,1,1,https://www.trendyol.com/xbox-oyunlari+xbox?qs=navigation,388,0,0
1551114753954,576,HTTP Request,200,OK,Thread Group 1-1,text,true,,1113150,153,1,1,https://www.trendyol.com/konsol-aksesuarlari?qs=navigation,322,0,0
1551114754530,745,HTTP Request,200,OK,Thread Group 1-1,text,true,,1123837,144,1,1,https://www.trendyol.com/televizyon?qs=navigation,475,0,0
1551114755275,683,HTTP Request,200,OK,Thread Group 1-1,text,true,,1126494,142,1,1,https://www.trendyol.com/kulaklik?qs=navigation,426,0,29
1551114755958,572,HTTP Request,200,OK,Thread Group 1-1,text,true,,1127547,142,1,1,https://www.trendyol.com/hoparlor?qs=navigation,331,0,0
1551114756531,560,HTTP Request,200,OK,Thread Group 1-1,text,true,,1123121,155,1,1,https://www.trendyol.com/kablo-sarf-malzemeler?qs=navigation,331,0,0
1551114757091,596,HTTP Request,200,OK,Thread Group 1-1,text,true,,1126718,152,1,1,https://www.trendyol.com/projeksiyon-cihazi?qs=navigation,358,0,0
1551114757687,570,HTTP Request,200,OK,Thread Group 1-1,text,true,,1067870,151,1,1,https://www.trendyol.com/ev-sinema-sistemi?qs=navigation,352,0,30
1551114758257,633,HTTP Request,200,OK,Thread Group 1-1,text,true,,1142533,142,1,1,https://www.trendyol.com/ankastre?qs=navigation,394,0,0
1551114758890,618,HTTP Request,200,OK,Thread Group 1-1,text,true,,1131504,144,1,1,https://www.trendyol.com/ocak+firin?qs=navigation,381,0,0
1551114759508,564,HTTP Request,200,OK,Thread Group 1-1,text,true,,1128864,143,1,1,https://www.trendyol.com/buzdolabi?qs=navigation,330,0,0
1551114760072,581,HTTP Request,200,OK,Thread Group 1-1,text,true,,1136704,150,1,1,https://www.trendyol.com/camasir-makinesi?qs=navigation,346,0,28
1551114760654,578,HTTP Request,200,OK,Thread Group 1-1,text,true,,1127943,150,1,1,https://www.trendyol.com/bulasik-makinesi?qs=navigation,349,0,0
1551114761232,656,HTTP Request,200,OK,Thread Group 1-1,text,true,,1148272,139,1,1,https://www.trendyol.com/klima?qs=navigation,416,0,0
1551114761888,649,HTTP Request,200,OK,Thread Group 1-1,text,true,,1294133,145,1,1,https://www.trendyol.com/akilli-saat?qs=navigation,387,0,0
1551114762537,696,HTTP Request,200,OK,Thread Group 1-1,text,true,,1126473,149,1,1,https://www.trendyol.com/akilli-bileklik?qs=navigation,464,0,30
1551114763234,616,HTTP Request,200,OK,Thread Group 1-1,text,true,,1123952,150,1,1,https://www.trendyol.com/tasinabilir-disk?qs=navigation,386,0,0
1551114763851,576,HTTP Request,200,OK,Thread Group 1-1,text,true,,1123219,144,1,1,https://www.trendyol.com/usb-bellek?qs=navigation,347,0,0
1551114764427,618,HTTP Request,200,OK,Thread Group 1-1,text,true,,1141517,146,1,1,https://www.trendyol.com/ssd-harddisk?qs=navigation,350,0,0
1551114765045,656,HTTP Request,200,OK,Thread Group 1-1,text,true,,1123749,146,1,1,https://www.trendyol.com/hafiza-karti?qs=navigation,426,0,29
1551114765702,548,HTTP Request,200,OK,Thread Group 1-1,text,true,,1123932,148,1,1,https://www.trendyol.com/aksiyon-kamera?qs=navigation,315,0,0
1551114766250,529,HTTP Request,200,OK,Thread Group 1-1,text,true,,1121323,142,1,1,https://www.trendyol.com/ag-modem?qs=navigation,294,0,0
1551114766779,1003,HTTP Request,200,OK,Thread Group 1-1,text,true,,1257934,148,1,1,https://www.trendyol.com/laptop-cantasi?qs=navigation,386,0,0
1551114767782,970,HTTP Request,200,OK,Thread Group 1-1,text,true,,1123342,149,1,1,https://www.trendyol.com/yazici-tarayici?qs=navigation,375,0,49
1551114768752,132,HTTP Request,200,OK,Thread Group 1-1,text,true,,389809,143,1,1,https://www.trendyol.com/Butik/Liste/Supermarket,31,0,0
1551114768884,647,HTTP Request,200,OK,Thread Group 1-1,text,true,,1135783,157,1,1,https://www.trendyol.com/camasir-yikama-urunleri?qs=navigation,338,0,0
1551114769531,632,HTTP Request,200,OK,Thread Group 1-1,text,true,,1139620,157,1,1,https://www.trendyol.com/bulasik-yikama-urunleri?qs=navigation,320,0,0
1551114770163,606,HTTP Request,200,OK,Thread Group 1-1,text,true,,1128083,154,1,1,https://www.trendyol.com/ev-temizlik-urunleri?qs=navigation,348,0,31
1551114770769,588,HTTP Request,200,OK,Thread Group 1-1,text,true,,1129874,158,1,1,https://www.trendyol.com/ev-ve-temizlik-gerecleri?qs=navigation,357,0,0
1551114771357,561,HTTP Request,200,OK,Thread Group 1-1,text,true,,1116782,148,1,1,https://www.trendyol.com/kagit-urunleri?qs=navigation,335,0,0
1551114771918,1075,HTTP Request,200,OK,Thread Group 1-1,text,true,,1145550,149,1,1,https://www.trendyol.com/atistirmaliklar?qs=navigation,843,0,0
1551114772993,570,HTTP Request,200,OK,Thread Group 1-1,text,true,,1123020,153,1,1,https://www.trendyol.com/kahvaltilik-urunler?qs=navigation,347,0,29
1551114773563,1076,HTTP Request,200,OK,Thread Group 1-1,text,true,,1120262,141,1,1,https://www.trendyol.com/baharat?qs=navigation,838,0,0
1551114774639,591,HTTP Request,200,OK,Thread Group 1-1,text,true,,1139471,140,1,1,https://www.trendyol.com/caylar?qs=navigation,365,0,0
1551114775230,588,HTTP Request,200,OK,Thread Group 1-1,text,true,,1128143,139,1,1,https://www.trendyol.com/kahve?qs=navigation,358,0,30
1551114775818,565,HTTP Request,200,OK,Thread Group 1-1,text,true,,1129834,144,1,1,https://www.trendyol.com/agiz-bakim?qs=navigation,340,0,0
1551114776383,589,HTTP Request,200,OK,Thread Group 1-1,text,true,,1138361,144,1,1,https://www.trendyol.com/sac-bakimi?qs=navigation,359,0,0
1551114776973,578,HTTP Request,200,OK,Thread Group 1-1,text,true,,1087370,154,1,1,https://www.trendyol.com/tiras-agda-epilasyon?qs=navigation,355,0,0
1551114777551,585,HTTP Request,200,OK,Thread Group 1-1,text,true,,1082955,146,1,1,https://www.trendyol.com/vucut-bakimi?qs=navigation,364,0,30
1551114778136,582,HTTP Request,200,OK,Thread Group 1-1,text,true,,1131157,145,1,1,https://www.trendyol.com/cilt-bakimi?qs=navigation,356,0,0
1551114778718,333,HTTP Request,200,OK,Thread Group 1-1,text,true,,1015325,146,1,1,https://www.trendyol.com/kadin-hijyen?qs=navigation,135,0,0
1551114779051,624,HTTP Request,200,OK,Thread Group 1-1,text,true,,1147875,161,1,1,https://www.trendyol.com/sporcu-besinleri-supplement?qs=navigation,391,0,0
1551114779675,596,HTTP Request,200,OK,Thread Group 1-1,text,true,,1127168,161,1,1,https://www.trendyol.com/gida-takviyeleri-vitaminler?qs=navigation,374,0,29
1551114780271,570,HTTP Request,200,OK,Thread Group 1-1,text,true,,1128319,146,1,1,https://www.trendyol.com/genel-saglik?qs=navigation,340,0,0
1551114780841,349,HTTP Request,200,OK,Thread Group 1-1,text,true,,1064064,156,1,1,https://www.trendyol.com/cinsel-saglik-urunleri?qs=navigation,144,0,0
1551114781190,599,HTTP Request,200,OK,Thread Group 1-1,text,true,,1162995,145,1,1,https://www.trendyol.com/kedi-mamasi?qs=navigation,366,0,0
1551114781790,619,HTTP Request,200,OK,Thread Group 1-1,text,true,,1158237,146,1,1,https://www.trendyol.com/kopek-mamasi?qs=navigation,382,0,29
1551114782409,563,HTTP Request,200,OK,Thread Group 1-1,text,true,,1126919,143,1,1,https://www.trendyol.com/kedi-kumu?qs=navigation,334,0,0
1551114782971,543,HTTP Request,200,OK,Thread Group 1-1,text,true,,1132252,168,1,1,https://www.trendyol.com/kedi-oyuncaklari+kopek-oyuncaklari?qs=navigation,318,0,0
1551114783514,586,HTTP Request,200,OK,Thread Group 1-1,text,true,,1127702,187,1,1,https://www.trendyol.com/akvaryum-urunleri+kemirgen-urunleri+surungen-urunleri?qs=navigation,364,0,0
1551114784100,506,HTTP Request,200,OK,Thread Group 1-1,text,true,,799794,176,1,1,https://www.trendyol.com/ev-bakim-ve-temizlik/sonett+desert-essence?qs=navigation,336,0,30
1551114784607,777,HTTP Request,200,OK,Thread Group 1-1,text,true,,1033649,269,1,1,https://www.trendyol.com/kozmetik/logona+sonett+the-lifeco+sante+aksu-vital+desert-essence+kiss-my-face+shiffa-home+softem+cotoneve+natracare+seventh-generation?qs=navigation,538,0,0
1551114785384,457,HTTP Request,200,OK,Thread Group 1-1,text,true,,787073,202,1,1,https://www.trendyol.com/gida-urunleri+icecek-urunleri/kocamaar+kuru-yesil+aktar-diyari+herby?qs=navigation,287,0,0
1551114785841,459,HTTP Request,200,OK,Thread Group 1-1,text,true,,1088952,128,1,1,https://www.trendyol.com/Markalar,242,0,0
1551114786300,626,HTTP Request,200,OK,Thread Group 1-1,text,true,,963982,134,1,1,https://www.trendyol.com/avon?qs=footer,426,0,30
1551114786927,225,HTTP Request,200,OK,Thread Group 1-1,text,true,,740179,135,1,1,https://www.trendyol.com/bambi?qs=footer,78,0,0
1551114787152,406,HTTP Request,200,OK,Thread Group 1-1,text,true,,753622,137,1,1,https://www.trendyol.com/bershka?qs=footer,238,0,0
1551114787559,1071,HTTP Request,200,OK,Thread Group 1-1,text,true,,1207575,137,1,1,https://www.trendyol.com/bonprix?qs=footer,833,0,0
1551114788631,455,HTTP Request,200,OK,Thread Group 1-1,text,true,,796767,142,1,1,https://www.trendyol.com/calvin-klein?qs=footer,290,0,29
1551114789087,603,HTTP Request,200,OK,Thread Group 1-1,text,true,,1074236,137,1,1,https://www.trendyol.com/defacto?qs=footer,386,0,0
1551114789690,605,HTTP Request,200,OK,Thread Group 1-1,text,true,,967448,137,1,1,https://www.trendyol.com/derimod?qs=footer,393,0,0
1551114790296,363,HTTP Request,200,OK,Thread Group 1-1,text,true,,740003,144,1,1,https://www.trendyol.com/emporio-armani?qs=footer,222,0,0
1551114790659,520,HTTP Request,200,OK,Thread Group 1-1,text,true,,791199,135,1,1,https://www.trendyol.com/hotic?qs=footer,357,0,30
1551114791180,266,HTTP Request,200,OK,Thread Group 1-1,text,true,,851028,136,1,1,https://www.trendyol.com/hummel?qs=footer,103,0,0
1551114791446,218,HTTP Request,200,OK,Thread Group 1-1,text,true,,769443,134,1,1,https://www.trendyol.com/inci?qs=footer,72,0,0
1551114791664,449,HTTP Request,200,OK,Thread Group 1-1,text,true,,733747,137,1,1,https://www.trendyol.com/ipekyol?qs=footer,292,0,0
1551114792113,407,HTTP Request,200,OK,Thread Group 1-1,text,true,,718118,135,1,1,https://www.trendyol.com/kenzo?qs=footer,257,0,0
1551114792520,588,HTTP Request,200,OK,Thread Group 1-1,text,true,,1054990,135,1,1,https://www.trendyol.com/koton?qs=footer,372,0,0
1551114793107,632,HTTP Request,200,OK,Thread Group 1-1,text,true,,1033275,137,1,1,https://www.trendyol.com/lacoste?qs=footer,429,0,31
1551114793739,605,HTTP Request,200,OK,Thread Group 1-1,text,true,,1077040,140,1,1,https://www.trendyol.com/lc-waikiki?qs=footer,386,0,0
1551114794344,346,HTTP Request,200,OK,Thread Group 1-1,text,true,,1016413,135,1,1,https://www.trendyol.com/mango?qs=footer,158,0,0
1551114794690,468,HTTP Request,200,OK,Thread Group 1-1,text,true,,1046136,134,1,1,https://www.trendyol.com/mavi?qs=footer,257,0,0
1551114795158,437,HTTP Request,200,OK,Thread Group 1-1,text,true,,712956,137,1,1,https://www.trendyol.com/moncler?qs=footer,287,0,31
1551114795595,367,HTTP Request,200,OK,Thread Group 1-1,text,true,,725977,138,1,1,https://www.trendyol.com/moschino?qs=footer,224,0,0
1551114795963,376,HTTP Request,200,OK,Thread Group 1-1,text,true,,780236,134,1,1,https://www.trendyol.com/mudo?qs=footer,227,0,0
1551114796339,589,HTTP Request,200,OK,Thread Group 1-1,text,true,,1031230,141,1,1,https://www.trendyol.com/new-balance?qs=footer,378,0,0
1551114796929,582,HTTP Request,200,OK,Thread Group 1-1,text,true,,1024935,134,1,1,https://www.trendyol.com/nike?qs=footer,372,0,0
1551114797511,578,HTTP Request,200,OK,Thread Group 1-1,text,true,,875794,139,1,1,https://www.trendyol.com/nine-west?qs=footer,396,0,34
1551114798089,578,HTTP Request,200,OK,Thread Group 1-1,text,true,,989671,143,1,1,https://www.trendyol.com/pierre-cardin?qs=footer,374,0,0
1551114798667,590,HTTP Request,200,OK,Thread Group 1-1,text,true,,982457,138,1,1,https://www.trendyol.com/sahinler?qs=footer,390,0,0
1551114799257,403,HTTP Request,200,OK,Thread Group 1-1,text,true,,718309,134,1,1,https://www.trendyol.com/sans?qs=footer,244,0,0
1551114799661,317,HTTP Request,200,OK,Thread Group 1-1,text,true,,933187,143,1,1,https://www.trendyol.com/trendyolmilla?qs=footer,131,0,30
1551114799978,407,HTTP Request,200,OK,Thread Group 1-1,text,true,,727591,135,1,1,https://www.trendyol.com/twist?qs=footer,230,0,0
1551114800385,955,HTTP Request,200,OK,Thread Group 1-1,text,true,,1207067,134,1,1,https://www.trendyol.com/zara?qs=footer,705,0,0
1551114801340,246,HTTP Request,200,OK,Thread Group 1-1,text,true,,631050,131,1,1,https://www.trendyol.com/Kategoriler,125,0,0
1551114801586,537,HTTP Request,200,OK,Thread Group 1-1,text,true,,1079396,142,1,1,https://www.trendyol.com/abiye-elbise?qs=footer,311,0,0
1551114802123,840,HTTP Request,200,OK,Thread Group 1-1,text,true,,1383884,138,1,1,https://www.trendyol.com/aksesuar?qs=footer,559,0,29
1551114802964,700,HTTP Request,200,OK,Thread Group 1-1,text,true,,1253194,138,1,1,https://www.trendyol.com/ayakkabi?qs=footer,455,0,0
1551114803664,542,HTTP Request,200,OK,Thread Group 1-1,text,true,,1016334,141,1,1,https://www.trendyol.com/aydinlatici?qs=footer,335,0,0
1551114804206,679,HTTP Request,200,OK,Thread Group 1-1,text,true,,1220273,133,1,1,https://www.trendyol.com/bot?qs=footer,433,0,30
1551114804885,1069,HTTP Request,200,OK,Thread Group 1-1,text,true,,1124235,141,1,1,https://www.trendyol.com/buyuk-beden?qs=footer,834,0,0
1551114805954,637,HTTP Request,200,OK,Thread Group 1-1,text,true,,1191454,135,1,1,https://www.trendyol.com/ceket?qs=footer,395,0,0
1551114806591,638,HTTP Request,200,OK,Thread Group 1-1,text,true,,1131227,141,1,1,https://www.trendyol.com/cilt-bakimi?qs=footer,409,0,39
1551114807230,752,HTTP Request,200,OK,Thread Group 1-1,text,true,,1318720,135,1,1,https://www.trendyol.com/canta?qs=footer,486,0,0
1551114807982,602,HTTP Request,200,OK,Thread Group 1-1,text,true,,1143241,136,1,1,https://www.trendyol.com/elbise?qs=footer,373,0,0
1551114808584,583,HTTP Request,200,OK,Thread Group 1-1,text,true,,1177212,134,1,1,https://www.trendyol.com/etek?qs=footer,349,0,0
1551114809167,639,HTTP Request,200,OK,Thread Group 1-1,text,true,,1131719,143,1,1,https://www.trendyol.com/ev-dekorasyon?qs=footer,410,0,30
1551114809806,513,HTTP Request,200,OK,Thread Group 1-1,text,true,,1044493,137,1,1,https://www.trendyol.com/gecelik?qs=footer,297,0,0
1551114810319,521,HTTP Request,200,OK,Thread Group 1-1,text,true,,991795,138,1,1,https://www.trendyol.com/gelinlik?qs=footer,320,0,0
1551114810840,600,HTTP Request,200,OK,Thread Group 1-1,text,true,,1198849,136,1,1,https://www.trendyol.com/gomlek?qs=footer,361,0,0
1551114811440,581,HTTP Request,200,OK,Thread Group 1-1,text,true,,1124258,143,1,1,https://www.trendyol.com/gunes-gozlugu?qs=footer,355,0,30
1551114812021,637,HTTP Request,200,OK,Thread Group 1-1,text,true,,1174522,138,1,1,https://www.trendyol.com/ic-giyim?qs=footer,399,0,0
1551114812658,638,HTTP Request,200,OK,Thread Group 1-1,text,true,,1032575,136,1,1,https://www.trendyol.com/makyaj?qs=footer,429,0,0
1551114813296,609,HTTP Request,200,OK,Thread Group 1-1,text,true,,1064835,144,1,1,https://www.trendyol.com/maske--peeling?qs=footer,393,0,0
1551114813905,722,HTTP Request,200,OK,Thread Group 1-1,text,true,,1109779,150,1,1,https://www.trendyol.com/mezuniyet-elbiseleri?qs=footer,490,0,29
1551114814627,605,HTTP Request,200,OK,Thread Group 1-1,text,true,,1187135,134,1,1,https://www.trendyol.com/mont?qs=footer,366,0,0
1551114815232,689,HTTP Request,200,OK,Thread Group 1-1,text,true,,1231700,138,1,1,https://www.trendyol.com/pantolon?qs=footer,418,0,0
1551114815921,587,HTTP Request,200,OK,Thread Group 1-1,text,true,,1064645,136,1,1,https://www.trendyol.com/parfum?qs=footer,371,0,30
1551114816508,611,HTTP Request,200,OK,Thread Group 1-1,text,true,,1191173,144,1,1,https://www.trendyol.com/pirlanta-yuzuk?qs=footer,371,0,0
1551114817119,775,HTTP Request,200,OK,Thread Group 1-1,text,true,,1310583,134,1,1,https://www.trendyol.com/saat?qs=footer,504,0,0
1551114817894,673,HTTP Request,200,OK,Thread Group 1-1,text,true,,1251112,143,1,1,https://www.trendyol.com/spor-ayakkabi?qs=footer,422,0,0
1551114818566,595,HTTP Request,200,OK,Thread Group 1-1,text,true,,1164744,142,1,1,https://www.trendyol.com/takim-elbise?qs=footer,362,0,32
1551114819162,528,HTTP Request,200,OK,Thread Group 1-1,text,true,,1149382,146,1,1,https://www.trendyol.com/topuklu-ayakkabi?qs=footer,296,0,0
1551114819690,592,HTTP Request,200,OK,Thread Group 1-1,text,true,,1174147,138,1,1,https://www.trendyol.com/trenckot?qs=footer,354,0,0
1551114820283,472,HTTP Request,200,OK,Thread Group 1-1,text,true,,869510,148,1,1,https://www.trendyol.com/yilbasi-hediyeleri?qs=footer,294,0,0
1551114820755,44,HTTP Request,200,OK,Thread Group 1-1,text,true,,2117,138,1,1,https://www.trendyol.com/international.html,44,0,30
1551114820799,96,HTTP Request,200,OK,Thread Group 1-1,text,true,,343279,133,1,1,https://www.trendyol.com/s/kampanyalar,27,0,0
1551114820895,239,HTTP Request,200,OK,Thread Group 1-1,text,true,,335872,134,1,1,https://www.trendyol.com/Yardim/Sorular,173,0,0
1551114821134,91,HTTP Request,200,OK,Thread Group 1-1,text,true,,320545,143,1,1,https://www.trendyol.com/kullanim_kosullari.html,33,0,0
1551114821225,92,HTTP Request,200,OK,Thread Group 1-1,text,true,,343055,152,1,1,https://www.trendyol.com/kisisel_verilerin_korunmasi.html,28,0,0
